<assembly>
    
    <formats>
        <format>zip</format>
    </formats>

    <fileSets>
        <fileSet>
            <directory>${project.build.directory}</directory>
            <outputDirectory>/lib</outputDirectory>
            <includes>
                <include>*.jar</include>
            </includes>
        </fileSet>
        <fileSet>
            <directory>${basedir}/src</directory>
            <outputDirectory>/sources/src</outputDirectory>
            <includes>
                <include>**/*</include>
            </includes>
        </fileSet>
        <fileSet>
            <directory>${basedir}/src/main/documentation</directory>
            <outputDirectory>/docs</outputDirectory>
            <filtered>true</filtered>
            <includes>
                <include>**/*</include>
            </includes>
        </fileSet>
    </fileSets>

    <files>
        <file>
            <source>${basedir}/pom.xml</source>
            <outputDirectory>/sources</outputDirectory>
        </file>
    </files>

</assembly>
